commit,date,loc_analysis_tools,loc_tests,test_functions
c6f1c9e,2026-06-12,225,529,29
db28118,2026-06-12,225,529,29
4a14e5e,2026-06-12,225,529,29
fef5105,2026-06-12,413,529,29
1bd75e1,2026-06-12,413,529,29
eb4636b,2026-06-12,538,529,29
b2e23a2,2026-06-12,555,735,40
5f5a74d,2026-06-12,555,735,40
7f59d12,2026-06-12,555,735,40
60c1459,2026-06-12,559,789,41
9b96350,2026-06-12,559,789,41
560aafc,2026-06-12,559,789,41
f252609,2026-06-12,562,835,44
35ad98f,2026-06-12,681,894,48
a25741e,2026-06-13,1017,931,52
12aa6b6,2026-06-13,1017,931,52
5ed8861,2026-06-13,1033,938,53
9421282,2026-06-13,1033,938,53
5d40119,2026-06-13,1033,938,53
39dac6f,2026-06-14,1033,938,53
491475e,2026-06-16,1033,938,53
2922052,2026-06-16,1033,938,53
aa2d6d0,2026-06-16,1222,1005,61
97903bb,2026-06-16,1333,1058,66
0372a7f,2026-06-16,1372,1169,73
ade7ac0,2026-06-17,1576,1291,83
cd937ff,2026-06-17,1590,1338,87
2403c23,2026-06-17,1605,1354,88
cf77202,2026-06-19,1733,1482,94
7fc0904,2026-06-19,1740,1503,96
55a1990,2026-06-19,1740,1503,96
8024f8c,2026-06-19,1740,1503,96
1271d40,2026-06-19,1971,1620,104
625311e,2026-06-19,2106,1713,115
d89ef23,2026-06-19,2230,1791,124
4131949,2026-06-20,2230,1791,124
8bfd358,2026-06-20,2230,1791,124
e22ae3c,2026-06-20,2366,1791,124
becc564,2026-06-20,2366,1791,124
a791508,2026-06-20,2404,1791,124
a5fdcd2,2026-06-20,2443,1791,124
9104bcb,2026-06-20,2508,1844,129
d7520f3,2026-06-20,2508,1844,129
786e59a,2026-06-20,2526,1856,131
51ace02,2026-06-20,2617,1947,142
90fc898,2026-06-20,2626,1954,143
c3858ae,2026-06-20,2746,2025,154
df1cec0,2026-06-20,2768,2047,158
ca6060b,2026-06-20,2861,2107,166
8b654a5,2026-06-20,2861,2107,166
3ca289e,2026-06-20,3008,2208,179
09eb9e4,2026-06-20,3008,2208,179
5752dc6,2026-06-20,3008,2208,179
a329bc3,2026-06-21,3008,2208,179
18f5d32,2026-06-21,3008,2208,179
780e7d2,2026-06-21,3008,2208,179
f9d575d,2026-06-21,3176,2300,189
6cd6658,2026-06-21,3189,2302,189
cf48a99,2026-06-21,3311,2393,193
a4b861c,2026-06-21,3311,2393,193
182b7db,2026-06-21,3316,2393,193
ef47c4d,2026-06-21,3369,2425,198
faf65e5,2026-06-21,3440,2488,203
b3ea96c,2026-06-21,3591,2596,214
a2a036b,2026-06-21,3591,2596,214
7f99b00,2026-06-21,3599,2596,214
635aabe,2026-06-21,3695,2661,216
293c64a,2026-06-21,3698,2675,217
5e8f2aa,2026-06-21,3698,2675,217
9480373,2026-06-21,3698,2675,217
f2a151d,2026-06-21,3785,2734,222
e1d5e5e,2026-06-21,3785,2734,222
c1a9e17,2026-06-21,3785,2734,222
4a4921a,2026-06-21,3785,2734,222
39c9834,2026-06-21,3919,2815,227
ca693da,2026-06-22,3919,2815,227
1e2b137,2026-06-22,3919,2815,227
e66369a,2026-06-22,4011,2876,235
dd529ba,2026-06-22,4072,2899,237
bab2d53,2026-06-22,4072,2899,237
fb5e569,2026-06-22,4087,2907,238
aea4660,2026-06-22,4087,2907,238
010cd22,2026-06-22,4087,2907,238
ff6c0ac,2026-06-22,4087,2907,238
0cc4738,2026-06-22,4087,2907,238
6a81722,2026-06-22,4120,2930,240
fa34adc,2026-06-22,4133,2930,240
bce70c6,2026-06-22,4133,2930,240
9089edc,2026-06-22,4151,2930,240
a988923,2026-06-23,4151,2930,240
d42d553,2026-06-26,4703,3028,249
533b330,2026-06-26,4703,3028,249
e451ca3,2026-06-26,4703,3028,249
6068d87,2026-06-27,4769,3075,253
65252d9,2026-06-27,4769,3075,253
724a399,2026-06-27,4769,3075,253
3e1624e,2026-06-27,4884,3098,255
404b571,2026-06-27,4884,3098,255
c0fb533,2026-06-27,4942,3147,259
a74a4f9,2026-06-27,4964,3163,261
e005ad9,2026-06-27,5079,3227,266
7600f6d,2026-06-27,5079,3227,266
55ccf17,2026-06-28,5079,3227,266
bdf71b0,2026-06-28,5154,3227,266
e9ea180,2026-06-28,5154,3227,266
df7b3fb,2026-06-28,5212,3312,272
3b35edc,2026-06-28,5212,3312,272
d05495e,2026-06-28,5310,3421,282
e489a94,2026-06-28,5519,3539,291
57c7bb7,2026-06-28,5519,3539,291
38eeb07,2026-06-28,5529,3548,292
cb61543,2026-06-28,5529,3548,292
e09fa59,2026-06-28,5542,3596,295
d378f93,2026-06-28,5582,3596,295
875bb71,2026-06-28,5640,3647,300
b238177,2026-06-28,5640,3647,300
f1f8707,2026-06-28,5667,3671,303
7c80ddd,2026-06-28,5667,3671,303
e91fe2c,2026-06-28,5667,3671,303
c910b76,2026-06-28,5667,3671,303
6324f41,2026-06-28,5737,3671,303
5942640,2026-06-28,5769,3682,304
3018000,2026-06-28,5904,3682,304
02539ec,2026-06-28,5908,3682,304
14ba7ad,2026-06-28,5975,3734,307
df1dd0f,2026-06-28,5979,3734,307
9506044,2026-06-29,5996,3734,307
cc5955b,2026-06-29,6002,3734,307
e903cec,2026-06-29,6128,3756,309
35a18ad,2026-06-29,6181,3785,311
c70fa3b,2026-06-29,6187,3785,311
4270d59,2026-06-29,6188,3785,311
9fa6fd2,2026-06-29,6188,3785,311
25c3cb0,2026-06-30,6188,3785,311
f560554,2026-07-01,6202,3785,311
1807894,2026-07-01,6319,3785,311
8fb5d5e,2026-07-01,6388,3785,311
fbd0f4c,2026-07-01,6498,3785,311
ad5f665,2026-07-02,6717,3829,315
24ba268,2026-07-02,6815,3829,315
6e3fe93,2026-07-02,6815,3829,315
054f5ef,2026-07-02,6815,3829,315
a236733,2026-07-02,6815,3829,315
8cd2eeb,2026-07-02,6815,3829,315
63109ab,2026-07-02,6975,3927,322
4bd3075,2026-07-02,6977,3925,323
2cc3440,2026-07-02,6977,3925,323
0508f21,2026-07-03,6977,3925,323
b4d156c,2026-07-04,7055,3971,326
c123009,2026-07-04,7055,3971,326
6288c5b,2026-07-04,7132,3971,326
0a6b85d,2026-07-04,7214,3971,326
61fb4da,2026-07-04,7214,3971,326
a9906a9,2026-07-04,7214,3971,326
ef7a739,2026-07-04,7214,3971,326
eeb960e,2026-07-04,7214,3971,326
98e81de,2026-07-04,7214,3971,326
15f755f,2026-07-04,7214,3971,326
8ba825d,2026-07-04,7327,4041,335
468b07d,2026-07-04,7496,4041,335
d5a3ad1,2026-07-04,7654,4041,335
bca9ab4,2026-07-04,7654,4041,335
d006a97,2026-07-04,7654,4041,335
2f07772,2026-07-05,7654,4041,335
87dc9dd,2026-07-05,7654,4041,335
936b756,2026-07-05,7654,4041,335
b138326,2026-07-05,7654,4041,335
6465db3,2026-07-05,7654,4041,335
946504b,2026-07-05,7654,4041,335
d859cce,2026-07-05,7776,4101,341
fa612b8,2026-07-05,7878,4101,341
6652211,2026-07-05,7888,4101,341
a0f8dcc,2026-07-05,7982,4101,341
62a7f1f,2026-07-05,8113,4101,341
17fa8e9,2026-07-05,8113,4101,341
3c53818,2026-07-05,8113,4101,341
afda243,2026-07-05,8240,4101,341
b6eb9d6,2026-07-05,8247,4101,341
e02fe96,2026-07-05,8247,4101,341
6d6d875,2026-07-05,8247,4101,341
46029e3,2026-07-05,8247,4101,341
9c8f4b1,2026-07-05,8247,4101,341
7d90c84,2026-07-05,8387,4101,341
b4464ca,2026-07-05,8619,4101,341
74f0d60,2026-07-05,8619,4101,341
a9bdf94,2026-07-05,8619,4101,341
bd2ce74,2026-07-05,8619,4101,341
bb52987,2026-07-05,8619,4101,341
c687595,2026-07-05,8619,4101,341
0759fc1,2026-07-05,8619,4101,341
ffef6c2,2026-07-05,8619,4101,341
a734e5d,2026-07-05,8619,4101,341
771bd43,2026-07-06,8619,4101,341
52ae421,2026-07-06,8619,4101,341
14b8d7c,2026-07-06,8770,4101,341
7e4da11,2026-07-06,8943,4101,341
5268aea,2026-07-06,8943,4101,341
4fa8c8e,2026-07-06,8943,4101,341
91e7b7a,2026-07-06,8943,4101,341
dface77,2026-07-06,8943,4193,345
452e9d1,2026-07-06,8943,4193,345
716edce,2026-07-07,8943,4193,345
ee2c30a,2026-07-08,8943,4193,345
36dcd53,2026-07-08,9075,4193,345
fd065be,2026-07-08,9261,4193,345
0314601,2026-07-08,9261,4193,345
dcc9ddb,2026-07-08,9261,4193,345
9640869,2026-07-09,9288,4193,345
c9d82a0,2026-07-09,9288,4193,345
f8f5fe5,2026-07-09,9295,4193,345
8bc50e8,2026-07-09,9322,4193,345
736066f,2026-07-09,9339,4193,345
1f69faf,2026-07-09,9387,4193,345
6a521ff,2026-07-10,9582,4193,345
229a2a2,2026-07-10,9588,4244,348
0596a3a,2026-07-10,9588,4244,348
a0c5f3a,2026-07-10,9588,4244,348
5daff8b,2026-07-10,9753,4331,354
7df45b9,2026-07-10,9753,4331,354
2572d67,2026-07-11,9773,4349,356
900d102,2026-07-11,9775,4349,356
463ed91,2026-07-11,9830,4349,356
4d23225,2026-07-11,9830,4349,356
b772ca2,2026-07-11,9845,4383,358
fd29adb,2026-07-11,9845,4383,358
cc72e87,2026-07-11,10075,4527,377
97f8807,2026-07-11,10075,4527,377
e9a5ead,2026-07-11,10537,4684,386
0749669,2026-07-11,10537,4684,386
894ee90,2026-07-11,10537,4684,386
2c3bdd3,2026-07-11,10545,4684,386
cfc7b7b,2026-07-11,10657,4809,396
30e6069,2026-07-11,10969,4845,391
2e62d38,2026-07-11,10969,4845,391
e98b55e,2026-07-11,11079,4882,392
d337dbf,2026-07-11,11079,4882,392
8ffd7c2,2026-07-11,11232,4907,388
0e79710,2026-07-11,11338,5071,400
a1b5792,2026-07-12,11504,5287,410
732d018,2026-07-12,11504,5287,410
91201f5,2026-07-12,11562,5337,413
9e8d56c,2026-07-12,11562,5337,413
0c50c24,2026-07-12,11562,5337,413
7b759a5,2026-07-12,11583,5390,416
c7c2ad4,2026-07-12,11583,5390,416
4b77cf8,2026-07-12,11583,5390,416
22ac9ef,2026-07-12,11938,5627,425
e036b73,2026-07-12,11938,5627,425
149991c,2026-07-13,12045,5765,433
c2b35d9,2026-07-13,12045,5765,433
a77d6ff,2026-07-13,12138,5841,437
118e877,2026-07-13,12148,5841,437
065510e,2026-07-14,12148,5841,437
fbe4303,2026-07-14,12148,5841,437
f73504d,2026-07-15,12156,5841,437
1f02ce5,2026-07-15,12156,5841,437
255a529,2026-07-15,12171,5841,437
bf40852,2026-07-15,12174,5841,437
d0b7314,2026-07-15,12174,5841,437
f2ed7fa,2026-07-15,12174,6061,440
cce00f3,2026-07-15,12174,6097,441
c6d81b0,2026-07-15,12174,6104,441
79fc490,2026-07-15,12441,6151,445
fa9c522,2026-07-15,12503,6249,450
cdfb493,2026-07-15,12503,6249,450
cb5d8c7,2026-07-15,12554,6311,451
e794104,2026-07-15,12558,6312,451
5db94ef,2026-07-15,12577,6342,452
1f11f43,2026-07-15,12581,6342,452
5800bab,2026-07-15,12610,6368,454
1ef0de3,2026-07-15,12627,6394,455
8f2e749,2026-07-15,12726,6511,468
836f9ff,2026-07-15,12729,6526,469
5f791c3,2026-07-16,12832,6614,480
7c88ea0,2026-07-16,12870,6692,486
f21b516,2026-07-16,13022,6827,498
c6c9267,2026-07-16,13206,6926,503
dde335b,2026-07-16,13339,7077,510
142d407,2026-07-16,13339,7083,510
a5a6e60,2026-07-16,13339,7112,511
f81ef1c,2026-07-16,13452,7193,516
bfc7698,2026-07-16,13452,7207,516
41fa077,2026-07-17,13531,7303,521
4b471cb,2026-07-17,13574,7351,523
57d519b,2026-07-17,13579,7351,523
1d9cfdf,2026-07-17,13585,7351,523
7b5cde3,2026-07-17,13585,7351,523
3df2af0,2026-07-17,13585,7351,523
761ed78,2026-07-17,13582,7351,523
45d3b05,2026-07-17,13583,7351,523
c61f950,2026-07-17,13583,7351,523
4588d9e,2026-07-17,13583,7351,523
d30b16b,2026-07-17,13583,7351,523
7be9b6a,2026-07-17,13583,7351,523
164472f,2026-07-17,13583,7377,523
7ff4822,2026-07-17,13958,7605,546
dea06b7,2026-07-18,14032,7741,555
bde0d97,2026-07-18,14049,7812,558
71d861f,2026-07-18,14296,8095,575
0f80c2d,2026-07-18,14385,8191,580
59bf8da,2026-07-18,14385,8192,580
a724190,2026-07-18,14421,8301,587
897b5a1,2026-07-18,14477,8476,595
9ac502d,2026-07-18,14485,8494,596
f2c0837,2026-07-18,14489,8530,598
533a135,2026-07-18,14489,8530,598
1aba3bd,2026-07-18,14503,8619,602
93e6161,2026-07-22,14936,8889,622
ccfa583,2026-07-22,15173,9103,633
e0fca99,2026-07-22,15208,9243,640
5278a8a,2026-07-22,15244,9326,644
ae26598,2026-07-22,15711,9791,666
265546a,2026-07-22,15865,9936,673
df30ecd,2026-07-22,15865,9939,673
93a11b5,2026-07-22,15980,10024,677
7b064fd,2026-07-22,16047,10101,682
b625ff7,2026-07-22,16059,10141,684
fb6677e,2026-07-22,16059,10141,684
76f5f81,2026-07-22,16178,10273,692
3f587c9,2026-07-22,16278,10375,696
54232ef,2026-07-23,16346,10523,702
40e8386,2026-07-23,16465,10695,710
7c7b781,2026-07-23,16465,10788,714
6b2b73c,2026-07-23,16473,10812,715
175199f,2026-07-24,16540,10933,721
2b435e6,2026-07-24,16568,10974,723
00885da,2026-07-24,16568,10975,723
7b7fac7,2026-07-24,16788,11427,740
33ff002,2026-07-25,17291,11935,758
9bee525,2026-07-25,17722,12336,774
658e99c,2026-07-26,17915,12532,782
a1976dd,2026-07-26,17918,12546,783
802cb4f,2026-07-26,17923,12546,783
4598482,2026-07-26,18047,12725,790
2ae16d3,2026-07-26,18060,12725,790
6b70d5b,2026-07-27,18079,12725,790
b7adcf7,2026-07-27,18079,12734,790
48abb1e,2026-07-27,18623,13250,811
1e17594,2026-07-28,18869,13692,828
e5e5051,2026-07-28,19166,13918,837
fdfe075,2026-07-28,19166,13918,837
78de1c3,2026-07-28,19166,13918,837
7cf9a60,2026-07-29,19166,13918,837
5cd124d,2026-07-29,19166,13918,837
35d4fdc,2026-07-29,19199,13918,837
536d63d,2026-07-29,19290,14118,844
68ac669,2026-07-29,19579,14155,845
44e9377,2026-07-29,19713,14155,845
d818006,2026-07-29,19733,14183,845
6513d12,2026-07-29,19763,14326,850
472f69b,2026-07-29,19762,14332,850
91b03a2,2026-07-29,19771,14332,850
0484a44,2026-07-29,19825,14409,853
ef49d37,2026-07-29,19874,14476,855
7819e5d,2026-07-29,19915,14523,856
ba6a051,2026-07-29,19967,14577,858
fc18129,2026-07-29,20010,14618,860
741eeef,2026-07-29,20086,14699,863
d77247d,2026-07-29,20090,14786,864
62e1265,2026-07-30,20123,14951,867
3b779e7,2026-07-30,20123,14998,869
c58936d,2026-07-30,20127,14998,869
742588e,2026-07-30,20142,14998,869
ba0f84c,2026-07-30,20178,14998,869
8736918,2026-07-30,20178,15008,869
ec12b22,2026-07-30,20178,15033,869
16a87be,2026-07-30,20497,15315,878
9891489,2026-08-01,20749,15609,888
d21e725,2026-08-02,20974,16034,902
bd2bb0f,2026-08-03,21133,16280,911
87d2eee,2026-08-03,21274,16516,919
41ace48,2026-08-04,21554,16785,927
5729a8e,2026-08-05,21627,16959,939
ecd74a1,2026-08-06,21627,17075,940
ed80013,2026-08-06,21627,17227,941
e186d29,2026-08-07,21627,17411,942
62494c6,2026-08-20,22211,17991,959
26ecd88,2026-08-21,22326,18164,961
ad4a64a,2026-08-21,22319,18164,961
530e6f5,2026-08-21,22443,18164,961
44afb56,2026-08-22,22450,18164,961
6fe16a0,2026-08-24,22724,18164,961
e34d902,2026-08-24,22724,18164,961
7164d29,2026-08-24,22952,18164,961
9d7e288,2026-08-24,22994,18164,961
dd8b31b,2026-08-24,22994,18164,961
0b96419,2026-08-24,23058,18252,970
317ce7d,2026-08-24,23154,18349,977
21bd13e,2026-08-24,23193,18434,983
b4bd4e2,2026-08-25,23345,18434,983
61b3ef0,2026-08-25,23443,18434,983
4201ffa,2026-08-25,23443,18434,983
1d46a8c,2026-08-25,23464,18434,983
adc802d,2026-08-25,23509,18434,983
a6ae845,2026-08-25,23606,18434,983
ace3d2a,2026-08-25,23642,18440,983
535e974,2026-08-25,23680,18526,991
73a24fe,2026-08-25,23793,18526,991
a08f970,2026-08-25,23817,18526,991
bef1c14,2026-08-25,23918,18654,1006
22290a7,2026-08-25,23926,18722,1010
5edb192,2026-08-25,23934,18784,1012
896d0bf,2026-08-25,23946,18846,1014
79e0c7f,2026-08-25,23962,18926,1019
f043faf,2026-08-25,24033,18926,1019
d15cf94,2026-08-25,24063,18926,1019
6cf3ca5,2026-08-25,24063,18926,1019
6555c67,2026-08-25,24090,19015,1028
b184ce3,2026-08-25,24090,19023,1028
593e019,2026-08-26,24102,19023,1028
63461dd,2026-08-26,24261,19197,1037
9297034,2026-08-26,24261,19197,1037
4e7f2f1,2026-08-26,24261,19197,1037
323c9a9,2026-08-26,24261,19197,1037
834120b,2026-08-26,24261,19197,1037
d3d00ef,2026-08-26,24261,19275,1041
4c39fe5,2026-08-26,24261,19275,1041
443f055,2026-08-26,24261,19275,1041
d4ead7a,2026-08-26,24261,19275,1041
7ba8c6c,2026-08-26,24261,19275,1041
546148e,2026-08-27,25514,19856,1087
6a91cbd,2026-08-27,25728,20214,1099
807d0fe,2026-08-27,26085,20321,1109
fe1490b,2026-08-27,26085,20339,1109
d85b331,2026-08-27,26396,20522,1121
cd81ac3,2026-08-27,26559,20761,1141
7bc8d1f,2026-08-28,26701,20906,1153
d59410e,2026-08-28,26804,21056,1165
406d66a,2026-08-28,27163,21430,1195
5af6f3e,2026-08-28,27322,21535,1207
5da1321,2026-08-28,27340,21611,1210
9d4a584,2026-08-28,27340,21611,1210
567e448,2026-08-28,27351,21644,1211
2d6ab30,2026-09-01,30497,24244,1376
6d59096,2026-09-01,30508,24244,1376
445611a,2026-09-01,30549,24295,1379
b7e529f,2026-09-02,30549,24295,1379
4bd18a8,2026-09-02,30861,24523,1387
c7a0057,2026-09-02,30861,24523,1387
54a3de8,2026-09-02,31045,24697,1397
869235b,2026-09-03,31393,25049,1411
8fa6d0e,2026-09-03,31393,25049,1411
b32fd37,2026-09-03,31669,25049,1411
540f277,2026-09-03,32080,25375,1436
58ea72e,2026-09-03,32131,25425,1440
0147a24,2026-09-05,33084,26210,1478
7df5280,2026-09-05,33310,26648,1503
1ca5ca6,2026-09-07,36872,29217,1637
1d83908,2026-09-08,36926,29326,1640
408d368,2026-09-08,36946,29351,1645
f0fd1aa,2026-09-08,34578,28668,1587
0f127e3,2026-09-09,30100,26012,1451
e1c2757,2026-09-09,30100,26012,1451
ac165b9,2026-09-09,5933,5146,390
93f3e35,2026-09-09,5933,5146,390
